SNP,A1,A2,freq,b,se,p,N
snp1,A,G,0.85,-0.08,0.013,1.05E-09,100000
snp2,A,G,0.22,0.08,0.0113,1.57E-11,100000
snp3,T,C,0.69,0.07,0.0101,3.41E-13,100000
snp4,A,G,0.88,0.09,0.0145,2.12E-09,100000
snp5,T,G,0.21,0.11,0.0117,6.26E-20,100000
snp6,A,C,0.41,-0.06,0.0102,2.61E-10,100000
snp7,T,G,0.36,0.15,0.0115,1.47E-37,100000
snp8,A,G,0.49,0.06,0.0094,1.77E-10,100000
snp9,T,C,0.14,0.14,0.013,1.52E-28,100000
snp10,A,G,0,2.43,0.0937,3.61E-148,100000
snp11,T,C,0.4,-0.05,0.0098,3.96E-08,100000
snp12,T,C,0.74,0.06,0.0108,1.15E-08,100000
snp13,T,C,0.23,0.07,0.0112,1.45E-09,100000
snp14,T,C,0.32,-0.08,0.0102,1.66E-16,100000
snp15,T,G,0.44,0.06,0.0093,6.19E-11,100000
snp16,T,C,0.14,-0.12,0.0137,6.08E-18,100000
snp17,A,T,0.45,0.06,0.0095,2.76E-11,100000
snp18,C,G,0.31,-0.07,0.0106,7.87E-10,100000
snp19,A,G,0.64,0.09,0.0099,5.12E-20,100000
snp20,A,C,0.43,0.07,0.0094,1.29E-12,100000
snp21,T,C,0.73,0.06,0.0106,1.40E-09,100000
snp22,A,G,0.61,-0.07,0.0105,1.29E-11,100000
snp23,A,C,0.65,-0.06,0.0099,1.01E-08,100000
snp24,A,T,0.83,0.08,0.0128,3.20E-09,100000
snp25,T,G,0.5,0.05,0.0094,1.69E-08,100000
snp26,A,G,0.68,-0.1,0.0099,3.80E-23,100000
snp27,C,G,0.01,0.28,0.0478,4.19E-09,100000
snp28,A,G,0.02,0.61,0.0342,1.72E-70,100000
snp29,T,C,1,-0.75,0.0765,1.59E-22,100000
snp30,C,G,0.5,0.07,0.0094,6.10E-12,100000
snp31,T,C,0.19,-0.07,0.012,4.47E-09,100000
snp32,T,C,0.57,0.11,0.0094,1.11E-29,100000
snp33,A,G,0.14,0.13,0.0135,2.50E-22,100000
snp34,T,C,0.72,0.08,0.0104,1.38E-15,100000
snp35,T,C,0.14,0.11,0.0133,6.84E-17,100000
snp36,T,C,0.13,0.08,0.0139,8.87E-09,100000
snp37,A,T,0.34,0.07,0.0098,8.04E-13,100000
snp38,A,G,0.72,0.08,0.0107,4.55E-14,100000
snp39,T,C,0.13,0.18,0.0137,2.54E-39,100000
snp40,T,C,0.17,0.09,0.0126,9.98E-12,100000
snp41,A,G,0.67,-0.06,0.0099,5.01E-10,100000
snp42,T,G,0.81,0.15,0.0121,1.22E-34,100000
snp43,A,C,0.96,-0.17,0.0235,5.94E-13,100000
snp44,T,C,0.38,0.07,0.0096,8.09E-12,100000
snp45,T,G,0.65,0.06,0.0099,1.36E-10,100000
snp46,T,C,0.17,0.09,0.0123,9.82E-13,100000
snp47,A,G,0.55,0.1,0.0094,2.06E-28,100000
snp48,A,G,0.33,-0.06,0.01,2.00E-10,100000
snp49,A,T,0.16,-0.08,0.0133,2.87E-10,100000
snp50,C,G,0.69,0.06,0.0102,1.17E-09,100000
snp51,A,G,0.71,-0.09,0.0102,4.97E-19,100000
snp52,T,C,0.36,-0.09,0.0097,5.82E-21,100000
snp53,A,G,0.63,-0.28,0.0105,3.89E-154,100000
snp54,A,G,0.68,-0.16,0.0124,1.13E-36,100000
snp55,T,C,0.1,-0.17,0.0182,1.79E-21,100000
snp56,T,C,0.81,-0.21,0.012,9.98E-70,100000
snp57,C,G,0.7,0.06,0.0103,1.57E-09,100000
snp58,A,C,0.1,-0.09,0.0158,7.16E-09,100000
snp59,A,G,0.9,-0.16,0.0156,2.52E-23,100000
snp60,A,G,0.8,0.07,0.0119,1.84E-09,100000
snp61,A,G,0.21,0.08,0.0121,5.62E-12,100000
snp62,T,C,0.25,-0.06,0.0112,1.62E-08,100000
snp63,T,C,0.28,0.07,0.0103,1.63E-10,100000
snp64,A,C,0.59,0.1,0.0096,5.25E-26,100000
snp65,A,C,0.74,0.09,0.0114,3.99E-16,100000
snp66,T,G,0.27,-0.09,0.0108,2.72E-15,100000
snp67,T,C,0.36,0.06,0.0098,1.16E-08,100000
snp68,T,G,0.34,-0.09,0.01,8.72E-18,100000
snp69,A,G,0.77,-0.09,0.011,5.06E-17,100000
snp70,T,C,0.73,-0.06,0.0106,6.58E-09,100000
snp71,A,G,0.15,0.02,0.0136,0.1387,100000
snp72,A,G,0.6,0.03,0.0098,0.0005581,100000
snp73,C,G,0.52,0,0.0095,0.7423,100000
snp74,T,C,0.03,-0.05,0.0316,0.08657,100000
snp75,T,G,0.95,0.02,0.0278,0.5055,100000
snp76,A,G,0.26,-0.01,0.0106,0.2882,100000
snp77,T,C,0.96,-0.02,0.0233,0.4274,100000
snp78,C,G,0.51,0,0.0093,0.8662,100000
snp79,C,G,0.61,0.01,0.0097,0.1676,100000
snp80,A,G,0.67,-0.02,0.0101,0.06372,100000
snp81,A,G,0.5,-0.02,0.0094,0.07562,100000
snp82,A,C,0.78,0,0.0113,0.8764,100000
snp83,A,G,0.61,-0.01,0.0096,0.5925,100000
snp84,T,C,0.9,-0.01,0.0157,0.6176,100000
snp85,A,G,0.07,0,0.018,0.8184,100000
snp86,A,G,0.94,0.06,0.0264,0.03021,100000
snp87,T,C,0.63,0,0.0098,0.703,100000
snp88,C,G,0.04,0.07,0.0292,0.01485,100000
snp89,A,G,0.91,0.04,0.0169,0.02844,100000
snp90,T,C,0.04,0,0.024,0.884,100000
snp91,T,G,0.5,0.01,0.0093,0.589,100000
snp92,T,G,0.22,0.02,0.0114,0.04175,100000
snp93,T,C,0.89,-0.01,0.0161,0.7019,100000
snp94,T,C,0.02,0.1,0.0426,0.02443,100000
snp95,A,C,0.12,-0.01,0.0147,0.3576,100000
snp96,A,C,0.43,0.02,0.0104,0.08848,100000
snp97,T,C,0.28,0,0.0107,0.9621,100000
snp98,T,C,0.11,-0.01,0.0151,0.742,100000
snp99,A,G,0.02,-0.04,0.0333,0.2447,100000
snp100,A,G,0.3,0,0.0102,0.9405,100000
snp101,A,C,0.26,0.01,0.0109,0.568,100000
snp102,T,C,0.35,0.01,0.0098,0.1764,100000
snp103,T,G,0.71,0.03,0.0104,0.01226,100000
snp104,A,G,0.23,-0.02,0.0114,0.1763,100000
snp105,A,G,0.34,0,0.0098,0.9195,100000
snp106,T,C,0.02,-0.04,0.0325,0.2025,100000
snp107,A,G,0.02,0,0.0343,0.9692,100000
snp108,A,T,0.52,0.04,0.0096,0.0001082,100000
snp109,T,G,0.84,-0.06,0.0127,3.91E-07,100000
snp110,A,C,0.39,0.01,0.0096,0.55,100000
snp111,C,G,0.01,-0.01,0.0428,0.9031,100000
snp112,A,G,0.82,0.02,0.0123,0.1255,100000
snp113,A,C,0.33,0,0.01,0.81,100000
snp114,T,C,0.49,0.01,0.0094,0.375,100000
snp115,T,C,0.88,-0.01,0.0144,0.317,100000
snp116,A,G,0.97,-0.01,0.029,0.7887,100000
snp117,A,G,0.11,0,0.0153,0.8859,100000
snp118,A,G,0.09,0.01,0.0162,0.6801,100000
snp119,T,G,0.1,0.01,0.0199,0.662,100000
snp120,A,G,0.57,0.01,0.0097,0.2822,100000
snp121,T,C,0.36,-0.01,0.0101,0.3166,100000
snp122,A,G,0.02,-0.02,0.038,0.6593,100000
snp123,A,G,0.76,0.01,0.0112,0.3909,100000
snp124,T,C,0.69,-0.01,0.0101,0.1839,100000
snp125,A,G,0.06,-0.02,0.0203,0.2478,100000
snp126,T,G,0.54,-0.01,0.0095,0.1408,100000
snp127,T,C,0.01,-0.02,0.047,0.7418,100000
snp128,A,T,0.68,0,0.0101,0.998,100000
snp129,T,C,0.03,-0.05,0.0315,0.09073,100000
snp130,A,G,0.92,0.02,0.0176,0.2205,100000
snp131,T,C,0.01,-0.04,0.0574,0.4818,100000
snp132,A,C,0.35,0,0.0099,0.6191,100000
snp133,C,G,0.58,-0.01,0.0095,0.5416,100000
snp134,T,C,0.07,-0.01,0.0195,0.4759,100000
snp135,C,G,0.13,0.03,0.0141,0.07179,100000
snp136,A,C,0.08,-0.01,0.0175,0.7335,100000
snp137,T,C,0.78,-0.01,0.0117,0.2368,100000
snp138,T,C,0.32,-0.01,0.01,0.2585,100000
snp139,T,C,0.45,-0.04,0.0095,0.0001598,100000
snp140,T,C,0.12,0.02,0.0182,0.2085,100000
snp141,A,G,0.42,0.01,0.0095,0.245,100000
snp142,A,C,0.33,0.02,0.0102,0.07164,100000
snp143,A,C,0.96,0.03,0.0236,0.2263,100000
snp144,T,C,0.48,0,0.0094,0.8877,100000
snp145,A,G,0.88,-0.05,0.0155,0.003029,100000
snp146,A,G,0.72,0.01,0.0129,0.4188,100000
snp147,A,C,0.21,0.01,0.0117,0.4442,100000
snp148,C,G,0.95,0.05,0.0223,0.01693,100000
snp149,T,C,0.72,0,0.0105,0.9058,100000
snp150,A,G,0.43,0.01,0.0097,0.555,100000
snp151,T,C,0.23,0.01,0.011,0.5487,100000
snp152,A,C,0.26,0.02,0.0107,0.03981,100000
snp153,T,G,0.1,0,0.0155,0.835,100000
snp154,A,G,0.55,0.01,0.0095,0.25,100000
snp155,T,C,0.94,-0.07,0.0201,0.0002362,100000
snp156,A,T,0.05,-0.01,0.0232,0.5967,100000
snp157,A,G,0.11,0,0.0155,0.9045,100000
snp158,A,T,0.71,0,0.0103,0.8831,100000
snp159,A,G,0.76,-0.03,0.0109,0.0126,100000
snp160,A,G,0.74,-0.01,0.0106,0.4086,100000
snp161,A,G,0.8,-0.01,0.0119,0.4329,100000
snp162,A,G,0.99,0,0.0525,0.965,100000
snp163,A,G,0.05,0,0.0233,0.927,100000
snp164,T,C,0.53,0.01,0.0093,0.2834,100000
snp165,T,C,0.14,0,0.0134,0.7563,100000
snp166,T,G,0.84,0,0.0128,0.912,100000
snp167,C,G,0.32,0,0.0102,0.8055,100000
snp168,A,G,0.31,-0.02,0.0101,0.04984,100000
snp169,A,G,0.04,-0.04,0.0255,0.09017,100000
snp170,A,G,0.03,0.01,0.0262,0.5987,100000
snp171,A,G,0.92,-0.1,0.0168,4.42E-10,100000
snp172,A,T,0.87,0.1,0.0154,2.66E-11,100000
snp173,A,T,0.19,-0.04,0.012,0.001891,100000
snp174,A,G,0.61,0,0.0096,0.9039,100000
snp175,A,C,0.22,0,0.0114,0.7619,100000
snp176,C,G,0.87,-0.01,0.0138,0.3637,100000
snp177,T,C,0.4,0.02,0.0097,0.0921,100000
snp178,T,G,0.02,-0.01,0.0329,0.6981,100000
snp179,T,C,0.06,-0.01,0.02,0.56,100000
snp180,A,T,0.29,0,0.0105,0.8163,100000
snp181,T,C,0.52,-0.02,0.0093,0.08691,100000
snp182,A,C,0.05,0.01,0.0222,0.5262,100000
snp183,T,C,0.08,-0.03,0.0179,0.1166,100000
snp184,T,G,0.97,-0.01,0.0302,0.7967,100000
snp185,T,G,0.98,-0.07,0.0365,0.06919,100000
snp186,A,G,0.95,-0.01,0.0236,0.7452,100000
snp187,T,C,0.58,0,0.0096,0.9232,100000
snp188,A,G,0.13,0,0.0139,0.8168,100000
snp189,T,C,0.02,0.04,0.0352,0.2849,100000
snp190,A,C,0.14,0.01,0.0136,0.641,100000
snp191,C,G,0.67,0,0.0101,0.7509,100000
snp192,A,G,0.01,0.15,0.051,0.003237,100000
snp193,A,G,0.6,-0.01,0.0096,0.4615,100000
snp194,A,G,0.05,0.02,0.0219,0.2937,100000
snp195,A,G,0.33,0,0.0101,0.6637,100000
snp196,A,G,0.93,-0.01,0.0178,0.5111,100000
snp197,C,G,0.03,0.02,0.0284,0.4651,100000
snp198,A,G,0.95,0.01,0.0223,0.731,100000
snp199,A,G,0.99,0.01,0.0474,0.765,100000
snp200,T,C,0.46,0,0.0094,0.679,100000
snp201,C,G,0.79,0.01,0.0142,0.2918,100000
snp202,A,G,0.99,0,0.048,0.9577,100000
snp203,T,C,0.64,0,0.0099,0.7745,100000
snp204,A,G,0.2,0,0.0118,0.9455,100000
snp205,T,C,0.13,-0.02,0.0141,0.2855,100000
snp206,T,C,0.43,-0.03,0.0118,0.03379,100000
snp207,T,C,0.19,0,0.0118,0.7443,100000
snp208,A,C,0.34,0.02,0.0099,0.1287,100000
snp209,T,C,0.55,-0.04,0.0094,8.70E-05,100000
snp210,A,G,0.15,0,0.0132,0.8234,100000
snp211,A,G,0.96,0,0.029,0.9095,100000
snp212,T,C,0.76,0.03,0.0142,0.05783,100000
snp213,T,C,0.66,-0.02,0.0099,0.09421,100000
snp214,C,G,0.56,-0.04,0.0099,7.71E-05,100000
snp215,A,G,0.77,0.01,0.0112,0.2225,100000
snp216,T,C,0.08,0.08,0.0177,5.15E-06,100000
snp217,C,G,0.85,0.01,0.0133,0.5468,100000
snp218,A,C,0.27,0,0.0105,0.8063,100000
snp219,T,C,0.94,0,0.0197,0.9528,100000
snp220,A,G,0.98,-0.02,0.0402,0.6201,100000
snp221,A,G,0.12,-0.01,0.0144,0.7173,100000
snp222,T,C,0.79,-0.01,0.0116,0.412,100000
snp223,T,C,0.26,-0.01,0.0106,0.2911,100000
snp224,A,C,0.68,0.01,0.0103,0.2781,100000
snp225,T,G,0.72,-0.01,0.0106,0.4576,100000
snp226,A,G,0.31,0,0.0105,0.7938,100000
snp227,T,C,0.18,0,0.0123,0.9492,100000
snp228,A,G,0.21,0.03,0.0129,0.02801,100000
snp229,A,G,0.02,-0.03,0.0467,0.4978,100000
snp230,A,T,0.48,0.01,0.0094,0.3525,100000
snp231,T,C,0.14,0.03,0.0135,0.05327,100000
snp232,A,G,0.52,0,0.0094,0.9709,100000
snp233,A,C,0.99,0.13,0.0568,0.0188,100000
snp234,A,T,0.35,0,0.0121,0.9005,100000
snp235,T,C,0.52,-0.01,0.0097,0.4486,100000
snp236,A,G,0.91,0,0.0168,0.8859,100000
snp237,T,C,0.02,0.01,0.0388,0.7554,100000
snp238,T,G,0.02,0.03,0.0365,0.3727,100000
snp239,A,G,0.72,0.01,0.0105,0.3385,100000
snp240,T,C,0.37,-0.01,0.0097,0.4462,100000
snp241,T,C,0.49,0.01,0.0094,0.5413,100000
snp242,T,C,0.03,-0.03,0.0275,0.3101,100000
snp243,T,C,0.15,0.04,0.013,0.002542,100000
snp244,A,C,0.14,0.01,0.0135,0.4257,100000
snp245,A,C,0.86,-0.01,0.0135,0.5456,100000
snp246,T,C,0.26,-0.01,0.0107,0.2716,100000
snp247,T,C,0.27,0.02,0.0136,0.1903,100000
snp248,T,C,0.78,-0.02,0.014,0.1975,100000
snp249,C,G,0.8,-0.02,0.0116,0.159,100000
snp250,A,G,0.02,0.03,0.038,0.5069,100000
snp251,A,G,0.97,0.03,0.0334,0.3944,100000
snp252,A,G,0.34,0.01,0.0099,0.1494,100000
snp253,T,G,0.7,-0.01,0.0108,0.4312,100000
snp254,T,C,0.32,-0.03,0.01,0.003475,100000
snp255,T,C,0.01,-0.03,0.0513,0.5266,100000
snp256,T,C,0.06,0.01,0.0197,0.6635,100000
snp257,C,G,0.19,0.01,0.012,0.4703,100000
snp258,T,C,0.85,-0.01,0.0132,0.3468,100000
snp259,A,G,0.51,-0.02,0.0094,0.06474,100000
snp260,C,G,0.78,0,0.0115,0.9676,100000
snp261,T,C,0.15,0.01,0.0134,0.5134,100000
snp262,T,C,0.99,0.12,0.058,0.04481,100000
snp263,C,G,0.96,-0.01,0.024,0.7195,100000
snp264,C,G,0.72,0,0.0105,0.7111,100000
snp265,T,C,0.77,-0.01,0.0113,0.483,100000
snp266,T,G,0.35,0.02,0.0098,0.04207,100000
snp267,T,C,0.92,-0.02,0.0174,0.1561,100000
snp268,C,G,0.06,0.03,0.0212,0.1066,100000
snp269,T,G,0.61,-0.02,0.0097,0.01294,100000
snp270,T,G,0.44,0,0.0096,0.7586,100000
snp271,T,C,0.94,-0.01,0.0215,0.7733,100000
snp272,A,G,0.74,-0.03,0.0106,0.005558,100000
snp273,A,G,0.16,0.01,0.0125,0.3964,100000
snp274,A,T,0.13,-0.01,0.0142,0.3613,100000
snp275,T,C,0.17,0,0.0131,0.935,100000
snp276,T,C,0.13,0.03,0.0163,0.08785,100000
snp277,A,G,0.74,-0.02,0.0107,0.1266,100000
snp278,T,C,0.06,0.01,0.0207,0.772,100000
snp279,T,C,0.06,-0.01,0.0213,0.666,100000
snp280,T,C,0.82,0.01,0.0123,0.3155,100000
snp281,T,C,0.17,-0.01,0.0126,0.2962,100000
snp282,T,C,0.98,-0.02,0.0344,0.4993,100000
snp283,A,T,0.99,0.03,0.0431,0.4344,100000
snp284,A,G,0.4,-0.01,0.0095,0.4028,100000
snp285,T,C,0.1,-0.01,0.0175,0.4116,100000
snp286,A,G,0.32,-0.03,0.0101,0.00845,100000
snp287,C,G,0.98,0.08,0.0437,0.08196,100000
snp288,T,C,0.86,0.01,0.0136,0.2914,100000
snp289,A,C,0.22,0.03,0.0113,0.01982,100000
snp290,T,G,0.9,0.02,0.016,0.3206,100000
snp291,C,G,0.46,0,0.0097,0.9981,100000
snp292,A,G,0.13,0.02,0.0138,0.2416,100000
snp293,A,G,0.77,0.01,0.0112,0.192,100000
snp294,C,G,0.36,0,0.0098,0.9141,100000
snp295,A,G,0.69,0,0.0101,0.7947,100000
snp296,T,C,0.78,0,0.0114,0.6634,100000
snp297,A,G,0.6,0.01,0.0097,0.4219,100000
snp298,T,C,0.42,0.01,0.0095,0.5836,100000
snp299,A,G,0.32,-0.02,0.0101,0.1185,100000
snp300,T,C,0.43,0.01,0.0098,0.2145,100000
snp301,T,C,0.95,-0.11,0.0243,8.19E-06,100000
snp302,T,C,0.12,0.02,0.0145,0.2058,100000
snp303,T,C,0.16,0.03,0.0128,0.03953,100000
snp304,T,C,0.87,0,0.0149,0.7934,100000
snp305,T,C,0.4,0,0.0098,0.9207,100000
snp306,A,G,0.99,0.01,0.0528,0.8254,100000
snp307,A,G,0.99,0.06,0.0416,0.1404,100000
snp308,A,G,0.6,0,0.0096,0.7978,100000
snp309,T,G,0.05,-0.01,0.0219,0.7627,100000
snp310,C,G,0.98,-0.04,0.0452,0.4359,100000
snp311,A,C,0.84,0,0.0131,0.9961,100000
snp312,T,C,0.6,0.02,0.0095,0.05685,100000
snp313,A,G,0.1,0.06,0.0153,0.0001328,100000
snp314,A,G,0.36,0.03,0.0101,0.001214,100000
snp315,T,C,0.9,0.09,0.016,6.03E-09,100000
snp316,C,G,0.23,0,0.0111,0.7984,100000
snp317,A,G,0.96,-0.02,0.0254,0.552,100000
snp318,T,C,0.26,0.01,0.011,0.6157,100000
snp319,C,G,0.66,-0.01,0.01,0.4489,100000
snp320,C,G,0.44,-0.01,0.0095,0.5195,100000
snp321,A,G,0.45,-0.01,0.0095,0.5455,100000
snp322,C,G,0.72,0.01,0.0105,0.5482,100000
snp323,A,G,0.2,0,0.012,0.7783,100000
snp324,A,G,0.99,0.03,0.0453,0.5672,100000
snp325,A,G,0.5,0,0.0095,0.7242,100000
snp326,A,G,0.18,-0.01,0.0124,0.6339,100000
snp327,T,C,0.39,-0.02,0.0096,0.05725,100000
snp328,T,C,0.14,0.01,0.0134,0.6461,100000
snp329,A,C,0.77,0.03,0.0112,0.01546,100000
snp330,C,G,0.88,0.03,0.0144,0.04379,100000
snp331,T,C,0.26,0,0.0109,0.7492,100000
snp332,A,G,0.3,0,0.0103,0.8567,100000
snp333,T,C,0.03,-0.01,0.0292,0.6727,100000
snp334,T,G,0.34,-0.01,0.0101,0.1627,100000
snp335,A,C,0.07,0.01,0.0182,0.4308,100000
snp336,A,G,0.36,-0.01,0.0099,0.2653,100000
snp337,A,G,0.22,0,0.0114,0.8545,100000
snp338,A,G,0.79,-0.01,0.0118,0.4914,100000
snp339,C,G,0.07,-0.04,0.0188,0.02966,100000
snp340,T,C,0.25,0.02,0.0111,0.04288,100000
snp341,T,C,0.14,0.02,0.0139,0.2781,100000
snp342,C,G,0.49,0.01,0.0093,0.1305,100000
snp343,A,G,0.03,0.08,0.0305,0.007906,100000
snp344,A,G,0.05,-0.01,0.0232,0.5281,100000
snp345,A,G,0.24,-0.01,0.011,0.4857,100000
snp346,T,C,0.01,0.08,0.0568,0.1861,100000
snp347,A,G,0.35,0,0.0105,0.8577,100000
snp348,T,C,0.07,0.08,0.02,6.09E-05,100000
snp349,A,G,0.5,0,0.0096,0.699,100000
snp350,T,C,0.43,-0.01,0.0094,0.201,100000
snp351,T,C,0.17,0.03,0.0124,0.03459,100000
snp352,T,G,0.98,-0.02,0.0393,0.5947,100000
snp353,T,C,0.6,-0.01,0.0095,0.4806,100000
snp354,T,C,0.71,-0.01,0.0106,0.3393,100000
snp355,T,G,0.06,-0.02,0.02,0.2741,100000
snp356,T,C,0.06,0,0.02,0.8644,100000
snp357,T,C,0.02,-0.05,0.0379,0.1981,100000
snp358,A,G,0.04,0.04,0.0236,0.06216,100000
snp359,C,G,0.05,0.03,0.0219,0.1647,100000
snp360,A,G,0.11,-0.01,0.0151,0.678,100000
snp361,T,G,0.71,0.01,0.0109,0.2072,100000
snp362,T,C,0.97,-0.03,0.0295,0.2477,100000
snp363,T,G,0.23,0.02,0.0111,0.09517,100000
snp364,A,T,0.02,-0.06,0.0512,0.2734,100000
snp365,T,C,0.09,-0.01,0.0168,0.7026,100000
snp366,A,G,0.02,-0.08,0.0406,0.04629,100000
snp367,A,T,0.06,0.01,0.0241,0.7003,100000
snp368,A,G,0.87,0,0.0136,0.939,100000
snp369,A,G,0.33,0,0.0101,0.7523,100000
snp370,A,G,0.35,0.02,0.0099,0.01985,100000
snp371,T,G,0.41,0,0.0096,0.7016,100000
snp372,C,G,0.11,-0.02,0.0153,0.1333,100000
snp373,A,G,0.4,-0.02,0.0095,0.01037,100000
snp374,T,C,0.74,0,0.0106,0.7744,100000
snp375,A,G,0.1,0,0.0159,0.8129,100000
snp376,A,C,0.27,-0.04,0.0106,0.0001044,100000
snp377,A,G,0.73,0.01,0.0106,0.2093,100000
snp378,T,C,0.77,0,0.0111,0.7175,100000
snp379,A,G,0.69,-0.03,0.01,0.008365,100000
snp380,A,G,0.9,-0.02,0.0156,0.1477,100000
snp381,T,G,0.07,-0.03,0.019,0.09036,100000
snp382,A,T,0.98,-0.01,0.0311,0.7554,100000
snp383,A,G,0.45,0.01,0.0095,0.2885,100000
snp384,A,G,0.26,0.01,0.0109,0.5613,100000
snp385,T,C,0.47,0,0.0116,0.8536,100000
snp386,T,C,0.59,0.02,0.0096,0.1022,100000
snp387,C,G,0.06,-0.01,0.0202,0.4883,100000
snp388,A,G,0.6,0,0.0095,0.7156,100000
snp389,T,C,0.33,0.01,0.0104,0.3797,100000
snp390,T,C,0.94,0.02,0.0202,0.2882,100000
snp391,A,G,0.92,0,0.0188,0.9644,100000
snp392,A,G,0.91,-0.03,0.0173,0.1266,100000
snp393,T,G,0.23,0.02,0.0114,0.08927,100000
snp394,T,C,0.36,-0.01,0.0101,0.3736,100000
snp395,A,G,0.05,-0.03,0.0223,0.2225,100000
snp396,C,G,0.56,0,0.0094,0.7335,100000
snp397,T,C,0.96,-0.02,0.0262,0.3741,100000
snp398,T,C,0.06,-0.01,0.0204,0.5086,100000
snp399,A,G,0.22,0.02,0.0114,0.06581,100000
snp400,A,C,0.91,-0.03,0.0198,0.1009,100000
snp401,T,C,0.35,-0.02,0.0098,0.01313,100000
snp402,T,C,0.33,-0.01,0.0099,0.2892,100000
snp403,T,C,0.06,-0.03,0.0203,0.1324,100000
snp404,A,C,0.9,-0.02,0.016,0.2707,100000
snp405,A,G,0.19,0,0.0122,0.9063,100000
snp406,T,C,0.12,-0.05,0.0144,0.0001554,100000
snp407,T,C,0.43,0.01,0.0095,0.3607,100000
snp408,A,G,0.9,0.03,0.0155,0.07087,100000
snp409,T,C,0.01,0.03,0.0428,0.4406,100000
snp410,T,C,0.43,0.01,0.0094,0.2052,100000
snp411,T,C,0.03,0.03,0.0261,0.2954,100000
snp412,A,G,0.06,-0.01,0.0208,0.6999,100000
snp413,T,C,0.08,-0.02,0.0214,0.4831,100000
snp414,C,G,0.29,0,0.0104,0.9077,100000
snp415,A,G,0.86,0.01,0.0145,0.5391,100000
snp416,A,G,0.96,0.04,0.0266,0.1097,100000
snp417,A,G,0.13,0.01,0.0138,0.4649,100000
snp418,T,C,0.27,0.01,0.0111,0.5645,100000
snp419,T,G,0.61,0.01,0.0097,0.4791,100000
snp420,A,G,0.97,0.01,0.0287,0.7918,100000
snp421,A,G,0.33,0.01,0.0101,0.4781,100000
snp422,T,C,0.56,0.01,0.0098,0.4972,100000
snp423,A,C,0.92,-0.01,0.0173,0.7116,100000
snp424,A,G,0.49,0,0.0097,0.8955,100000
snp425,T,C,0.04,-0.01,0.024,0.6445,100000
snp426,C,G,0.5,0,0.0096,0.6645,100000
snp427,T,C,0.8,0.01,0.0119,0.5664,100000
snp428,A,G,0.07,0,0.0194,0.9821,100000
snp429,A,G,0.83,0.03,0.0126,0.0118,100000
snp430,T,C,0.76,-0.01,0.011,0.2035,100000
snp431,C,G,0.95,0,0.0218,0.9187,100000
snp432,A,G,0.61,0.04,0.0096,1.50E-05,100000
snp433,A,G,0.59,0,0.0096,0.6833,100000
snp434,A,G,0.64,0,0.0097,0.8836,100000
snp435,T,C,0.92,0.01,0.0174,0.5023,100000
snp436,A,G,0.22,0,0.0113,0.7049,100000
snp437,A,G,0.69,0,0.0101,0.9879,100000
snp438,A,G,0.16,0,0.013,0.7862,100000
snp439,C,G,0.9,0.02,0.0158,0.2497,100000
snp440,T,C,0.3,0.03,0.0108,0.004413,100000
snp441,T,C,0.17,0.07,0.0125,7.33E-09,100000
snp442,A,G,0.25,0,0.0111,0.8698,100000
snp443,A,G,0.09,0.01,0.0159,0.5146,100000
snp444,T,C,0.16,-0.01,0.0128,0.6609,100000
snp445,A,G,0.25,-0.01,0.0109,0.3329,100000
snp446,T,C,0.61,-0.02,0.0096,0.0395,100000
snp447,T,C,0.05,0.04,0.021,0.0565,100000
snp448,T,C,0.26,0.01,0.0108,0.3611,100000
snp449,A,G,0.6,0.02,0.0096,0.1139,100000
snp450,A,T,0.26,0,0.0107,0.7272,100000
snp451,A,C,0.59,0.01,0.0095,0.4111,100000
snp452,C,G,0.09,0.04,0.0163,0.02001,100000
snp453,A,T,0.65,0,0.0097,0.9888,100000
snp454,T,C,0.13,-0.01,0.014,0.7096,100000
snp455,T,C,0.51,0,0.0098,0.8147,100000
snp456,A,C,0.97,-0.03,0.0266,0.2415,100000
snp457,C,G,0.27,0,0.0116,0.8473,100000
snp458,T,G,0.88,0.01,0.0161,0.4435,100000
snp459,T,C,0.13,0.02,0.0139,0.2587,100000
snp460,T,C,0.54,0.01,0.0096,0.2078,100000
snp461,T,C,0.9,-0.04,0.0166,0.01886,100000
snp462,T,C,0.27,0,0.0106,0.7845,100000
snp463,T,G,0.98,-0.09,0.0388,0.01467,100000
snp464,A,G,0.01,0.01,0.0425,0.8198,100000
snp465,T,C,0.03,-0.02,0.0299,0.5869,100000
snp466,C,G,0.24,0.01,0.0109,0.5689,100000
snp467,A,G,0.98,0.04,0.0333,0.213,100000
snp468,T,C,0.38,0,0.0101,0.7022,100000
snp469,T,C,0.01,0.05,0.0458,0.2686,100000
snp470,A,G,0.82,-0.01,0.0122,0.4535,100000
snp471,T,C,0.04,0,0.0258,0.9081,100000
snp472,A,C,0.11,-0.03,0.015,0.0801,100000
snp473,T,C,0.48,0,0.0094,0.6605,100000
snp474,A,G,0.26,-0.02,0.0113,0.0484,100000
snp475,T,G,0.11,0.01,0.015,0.7014,100000
snp476,T,C,0.2,0,0.0118,0.9395,100000
snp477,A,G,0.1,0.02,0.016,0.1808,100000
snp478,A,G,0.51,-0.01,0.0094,0.4136,100000
snp479,A,G,0.54,0,0.0096,0.6998,100000
snp480,C,G,0.15,0.01,0.0135,0.39,100000
snp481,A,G,0.9,-0.05,0.0154,0.000965,100000
snp482,C,G,0.65,-0.01,0.0099,0.3593,100000
snp483,T,C,0.48,0.01,0.0094,0.3839,100000
snp484,A,G,0.21,-0.01,0.0117,0.2859,100000
snp485,C,G,0.53,-0.01,0.0094,0.5785,100000
snp486,T,G,0.03,0.01,0.0296,0.7631,100000
snp487,A,G,0.55,-0.01,0.0095,0.5308,100000
snp488,A,C,0.98,-0.03,0.0396,0.4761,100000
snp489,C,G,0.43,-0.01,0.0095,0.2861,100000
snp490,T,C,0.4,0.03,0.0095,0.005128,100000
snp491,A,T,0.35,-0.01,0.0103,0.4376,100000
snp492,A,C,0.87,-0.01,0.0138,0.4936,100000
snp493,A,G,0.4,-0.01,0.01,0.5386,100000
snp494,A,G,0.94,0.01,0.0194,0.599,100000
snp495,T,C,0.59,0.02,0.0095,0.1016,100000
snp496,C,G,0.95,0.01,0.0221,0.8152,100000
snp497,A,G,0.34,-0.01,0.0099,0.333,100000
snp498,T,C,0.08,0,0.017,0.89,100000
snp499,T,C,0.56,0.01,0.0096,0.139,100000
snp500,C,G,0.89,0,0.0152,0.7627,100000